{"frames": {

"sprite_idle0.png":
{
	"frame": {"x":0,"y":0,"w":16,"h":16},
	"rotated": false,
	"trimmed": false,
	"spriteSourceSize": {"x":0,"y":0,"w":16,"h":16},
	"sourceSize": {"w":16,"h":16}
},
"sprite_idle1.png":
{
	"frame": {"x":16,"y":0,"w":16,"h":16},
	"rotated": false,
	"trimmed": false,
	"spriteSourceSize": {"x":0,"y":0,"w":16,"h":16},
	"sourceSize": {"w":16,"h":16}
}},
"meta": {
	"app": "https://www.codeandweb.com/texturepacker",
	"version": "1.0",
	"image": "sprites.png",
	"format": "RGBA8888",
	"size": {"w":32,"h":16},
	"scale": "1",
	"smartupdate": "$TexturePacker:SmartUpdate:3094e43397e48f48d67e8704876eaa78:6a566a0a9e454e16742f774ae6635a89:1eabdf11f75e3a4fe3147baf7b5be24b$"
}
}
